title,link
흰 티셔츠에 청바지 정석대로 입는 법,http://v.daum.net/v/20250527185425864
"“추앙받을 만 하네”… 김지원, 셔츠에 청바지만 입어도 공항 ‘정지’",http://v.daum.net/v/20250526182411395
"'이병헌♥' 이민정, 매장 통째로 빌려 청바지 쇼핑",http://v.daum.net/v/20250528050507783
"""청바지가 잘 어울리는 남자"" 재해석…브브걸 감성 리메이크 '희망사항' 발매",http://v.daum.net/v/20250529180842220
"이민정, 매장 빌려 폭풍 쇼핑 ""10년 전 샀던 청바지는 응급실""(MJ)",http://v.daum.net/v/20250527191015309
이시영처럼 다리 길어보이고 싶어서 청바지 분석함 [입스타그램],http://v.daum.net/v/20250519172231644
"'의사 그만둔' 고윤정, 흰 티+청바지...""정석 미녀"" [★해시태그]",http://v.daum.net/v/20250522182007490
"""청렴이 최고"" … 창원특례시 성산구 문화위생과, '청바지 데이' 추진",http://v.daum.net/v/20250511091428626
"패셔니스타 김지원, 청바지가 어울리는 여자랍니다! [포토]",http://v.daum.net/v/20250518220139191
"박병은 ""류준하로 3개월 활동""…청바지 모델 시절 언급",http://v.daum.net/v/20250519190323957
"60대인데요, 청바지를 다시 입었습니다",http://v.daum.net/v/20250430145405823
"'45kg' 윤은혜, 청바지가 헐렁…'40세' 비현실적 자기관리 끝판왕",http://v.daum.net/v/20250513174826265
"엔믹스 릴리, 돋보이는 청바지 각선미 [포토엔HD]",http://v.daum.net/v/20250530113737494
"아이브 안유진,'러블리한 청바지 핏' [사진]",http://v.daum.net/v/20250530112351757
"네포 베이비, 소피아 리치 그레인지가 청바지를 입는 방법",http://v.daum.net/v/20250509182459873
"서현, '4000m' 알프스 만년설 배경으로 '찰칵'…후드티+청바지로도 빛나는 미모",http://v.daum.net/v/20250519055004613
[리빙포인트] 무릎 튀어나온 청바지엔 소주,http://v.daum.net/v/20250521002847303
"손담비, 출산 한 달도 안 됐는데 외출…청바지 폼 애엄마 맞나",http://v.daum.net/v/20250506171902866
"48세 김희선, 흰 셔츠+청바지 기본템 입었을 뿐인데‥미모 레전드",http://v.daum.net/v/20250511134648392
"윤은혜, 40세 맞아?…청바지도 헐렁한 극세사 몸매+동안 미모",http://v.daum.net/v/20250515063005066
“브래지어에 청바지만”…20년만에 속옷 모델 된 추성훈 아내 야노 시호 ‘파격’,http://v.daum.net/v/20250515195400237
‘청바지’ 입은 안철수 ‘학식’ 이준석 쫓아갔지만,http://v.daum.net/v/20250521160401791
"173㎝ 장원영 맵시 美쳤네, 청바지 하나 입었을 뿐인데 [스타화보]",http://v.daum.net/v/20250522115656470
"""이염 걱정 끝""…청바지도 알아서 찬물 세탁, 삼성 세탁건조기 승부수",http://v.daum.net/v/20250522133141787
"손담비, 출산 한달만 살 쏙 빼고 청바지까지 성공! 41세 출산 안 믿기네",http://v.daum.net/v/20250507150816172
"손담비, 출산한지 한 달도 안 됐는데…완벽 청바지 핏에 '감탄'",http://v.daum.net/v/20250506162501650
"수영, ♥정경호가 13년째 반한 청바지핏‥시구 여신 된 ‘소시’ 대표 각선미",http://v.daum.net/v/20250512104326967
"서예지, 청바지에 티셔츠만 입어도 남달라 '편안하면서도 고급스러운 공항패션'",http://v.daum.net/v/20250507173140715
기본 청바지 하나로 핀터레스트 출근 룩 완성하는 법,http://v.daum.net/v/20250429110538414
"근로자의 날, 청바지에 담긴 노동자의 꿈… EBS 다큐 '메이드 인 방글라데시'",http://v.daum.net/v/20250429001004063
